Trey,male,0.99
A,male,0.59
a,male,0.59
A.,unknown
Aabhas,unknown
Aadarsh,unknown
Aadesh,male,1
Aadit,unknown
Aaditya,male,1
AAKANKSHA,female,1
Aakanksha,female,1
Aakar,unknown
Aakash,male,1
Aalap,unknown
Aalok,male,1
Aanchal,female,1
Aansh,unknown
Aarjav,unknown
Aaroh,unknown
Aaron,male,1
Aarsh,unknown
Aarthi,female,1
Aarti,female,1
Aasavari,unknown
Aasawari,unknown
aashay,male,1
Aashay,male,1
Aashinee,unknown
Aashir,male,1
Aashish,male,1
Aashu,unknown
Aasiruddin,unknown
Aastha,female,1
Aastikta,unknown
Aaswad,unknown
Aatif,male,1
Aawantika,unknown
Aayush,male,1
Aayushi,female,1
Abasifreke,unknown
Abbas,male,1
Abd-Elrahman,male,1
Abdallah,male,1
Abdelhakim,male,1
Abdijabar,unknown
Abdul,male,1
ABDUL,male,1
Abdulahi,male,1
Abdulhakim,male,1
Abdulkadir,male,1
Abdulkareem,female,0.5
Abdullah,male,0.99
Abdullah-al,unknown
Abdulrahman,male,0.99
Abdulvafa,unknown
Abdur,male,1
Abdussamad,unknown
Abe,male,0.96
Abel,male,0.99
Aber,female,0.8
Abeyu,unknown
Abha.,unknown
Abhay,male,1
Abhi,male,1
Abhijeet,male,1
Abhijit,male,1
Abhijith,male,1
Abhik,male,1
Abhilash,male,1
ABHILASH,male,1
Abhilasha,female,1
Abhilekh,unknown
Abhimanyu,male,1
Abhinandan,male,1
Abhinav,male,1
Abhinit,unknown
Abhiram,male,1
Abhisek,male,1
Abhishanga,unknown
Abhishek,male,1
Abhiteja,unknown
Abhiyank,unknown
Abhy,male,1
Abigail,female,1
Abimbola,female,0.8
Abinash,male,1
Abinav,unknown
Abinaya,female,1
Abishek,male,1
Abitha,unknown
Abraham,male,1
Abraheem,unknown
Abrar,female,0.5
Abu,male,0.97
Abul,male,1
Achint,male,0.67
Achraf,male,1
Adam,male,1
Adam(Jhih-Sheng),unknown
Adarsh,male,1
Adarshyam,unknown
Adayev,unknown
Adebayo,male,0.67
Adeel,male,1
Adeet,unknown
Adeetya,unknown
Adel,male,0.96
Adem,male,0.99
Adeswara,unknown
Adhip,male,1
Adib,male,1
Adil,male,0.99
Adit,male,0.55
Adithya,male,1
Adithyan,unknown
Aditi,female,1
Adity,female,1
Aditya,male,1
aditya,male,1
Adiya,female,1
Adjamilton,unknown
Adler,male,1
Adnan,male,1
adnan,male,1
Adolfo,male,1
Adrian,male,0.97
Adriana,female,1
Adriano,male,0.99
Adrien,male,0.98
Adrienne,female,1
Advait,male,1
Advith,unknown
Adwait,male,1
Aedan,male,1
Aejaz,male,1
aeris,unknown
Afsar,male,1
Afsheen,female,1
Aftab,male,1
Agam,male,1
Agata,female,0.99
Agnes,female,1
Agnetha,female,1
Agnieszka,female,1
Agrim,unknown
Agrima,unknown
Ahaan,unknown
Ahalya,female,1
Ahamed,male,1
Ahana,unknown
Ahhyun,unknown
Ahmad,male,0.99
Ahmar,male,1
Ahmed,male,0.99
Ahmet,male,0.99
Ahsan,male,1
Ai,female,0.95
Aidan,male,0.98
Aidas,male,1
Aijia,unknown
Aikya,unknown
Ailing,female,1
Aindrais,unknown
Aiqi,unknown
Aishraj,unknown
Aishwarya,female,0.91
Aishwaryapratap,unknown
Aizizi,unknown
AJ,male,0.81
Ajay,male,0.99
Ajaya,unknown
Ajaykishan,unknown
Ajayveer,male,1
Ajeet,male,1
Ajeya,unknown
Ajibola,male,0.88
Ajinkya,male,1
Ajit,male,0.95
Ajith,male,1
Ajmal,male,0.92
Akanksha,female,1
akanksha,female,1
Akarsh,male,1
Akash,male,1
Akashkumar,unknown
Akhil,male,1
Akhilesh,male,1
Akif,male,1
Akil,male,1
AKIL,male,1
Akilesh,unknown
akim,male,0.8
Akinola,male,1
AKM,male,1
Akriti,female,1
Akshada,female,1
Akshat,male,1
Akshata,female,1
Akshatha,female,1
Akshay,male,1
AKSHAY,male,1
Akshaya,female,0.67
Akshit,male,1
Akshita,female,1
Akshu,unknown
Akshun,unknown
Akul,male,0.67
Al,male,0.94
Alaa,male,0.68
Alagiavanan,unknown
Alain,male,1
Alain-claude,unknown
Alan,male,1
Alana,female,1
Alanna,female,1
Alaric,male,1
Alastair,male,1
Albert,male,0.99
Alberto,male,1
Alden,male,0.85
Aldo,male,1
Aldwin,male,1
Alec,male,0.97
Alejandro,male,1
Alek,male,0.89
Aleka,female,1
Alekhya,female,1
Aleksandar,male,0.99
Aleksander,male,1
Aleksandr,male,1
Aleksandra,female,0.99
Aleksei,male,1
Aleksey,male,1
Alen,male,1
Alena,female,0.99
Alex,male,0.87
ALEX,male,0.87
Alexa,female,0.98
Alexander,male,1
Alexandra,female,1
Alexandre,male,1
Alexandros,male,1
Alexandru,male,1
Alexey,male,1
Alexis,male,0.52
Alfonso,male,1
Alfred,male,1
Alhad,male,1
Ali,male,0.85
Alia,female,0.99
Aliaksandr,unknown
Aliaksei,unknown
Alibek,unknown
Alice,female,1
Alicia,female,0.99
Alimzhan,unknown
Aline,female,1
Alireza,male,1
Alisha,female,1
Alison,female,0.99
Alistair,male,1
Aliza,female,1
Alizishaaan,unknown
Alka,female,0.94
Alla,female,0.93
Allan,male,1
Allaudeen,unknown
Allen,male,0.99
Allie,female,0.99
Allison,female,1
Alok,male,1
Aloma,female,1
Alon,male,0.98
Alona,female,1
Alouise,unknown
Alpit,unknown
AlSayed,male,1
Altan,male,1
Altie,unknown
Alvaro,male,1
Alvin,male,1
Aly,female,0.55
Alyazeed,unknown
Alyjan,unknown
Alysia,female,1
Alyssa,female,1
Amadeo,male,1
Amadu,unknown
Aman,male,0.86
Amanda,female,1
Amandeep,male,0.54
Amangeet,unknown
Amanpreet,female,0.75
Amar,male,0.88
Amaranath,unknown
Amarbold,unknown
Amardeep,male,1
Amaresh,male,1
Amarjot,female,0.5
Amarmeet,unknown
Amarpreet,male,1
Amaury,male,0.99
Amay,male,0.6
Amayika,unknown
Ambarish,male,1
Amber,female,1
Ambica,female,1
Ambika,female,1
Ambikha,unknown
Ameena,female,1
Ameenabee,unknown
Ameer,male,1
Ameet,male,1
Ameeta,female,1
Amer,male,1
Amey,female,0.52
Ameya,female,0.59
Ami,female,0.86
Amik,unknown
Amin,male,0.91
Amine,male,0.98
Aming,female,0.5
Aminul,male,1
Amir,male,1
Amira,female,0.99
amirreza,male,1
Amish,male,1
Amishi,female,1
Amit,male,0.99
Amita,female,1
Amitabh,male,1
Amitai,male,1
Amitava,male,1
Amitha,female,1
Amitkumar,male,1
Amlan,male,1
Ammar,male,1
Amna,female,0.98
Amod,male,1
Amogh,male,1
Amol,male,1
Amos,male,1
Amreen,female,1
Amrish,male,1
Amrit,male,0.69
Amrita,female,1
Amritansh,unknown
Amrith,male,1
Amritha,female,1
Amruta,female,1
Amruth,male,1
Amrutha,female,1
Amshapriya,unknown
Amukta,unknown
Amul,unknown
Amy,female,0.99
Anagha,female,1
Anali,female,1
Anamitra,unknown
Anand,male,1
Ananda,female,0.76
Anandan,unknown
Anandatirtha,unknown
Anandhi,female,1
Anant,male,0.98
Ananta,male,1
Ananth,male,1
Ananya,female,1
Anas,male,0.99
Anastasia,female,0.99
Anastassia,female,1
Anasuya,female,1
Anat,female,0.98
Anatol,unknown
Anatoli,male,0.82
Anatolii,male,1
Anatoliy,male,1
Anatoly,male,1
Anbarasi,female,1
Anchit,male,1
Ancy,female,0.83
Andalib,male,1
Anderson,male,0.99
Andras,male,0.86
Andre,male,0.93
Andrea,female,0.79
Andreas,male,1
Andrei,male,0.99
Andrei-Alexandru,unknown
Andrej,male,0.99
Andres,male,1
Andrew,male,1
Andrew(Mingbo),unknown
Andrews,male,0.86
Andrey,male,0.99
Andriana,female,1
Andrii,male,1
Andrin,male,1
AndrÃÂ©s,unknown
Andy,male,0.95
Aneesh,male,0.95
Aneesha,female,1
Aneri,unknown
Ang,female,0.61
Angad,male,1
Angel,male,0.61
Angela,female,1
Angeline,female,1
Angello,male,1
Angelo,male,1
Angely,female,1
Angie,female,1
Angugoutham,unknown
Anh,female,0.54
Anik,female,0.86
Anika,female,1
Aniket,male,1
ANIL,male,0.99
Anil,male,0.99
Animesh,male,1
Anindya,male,0.8
Anipra,unknown
Aniqa,female,1
Anirban,male,1
Aniruddh,male,1
Aniruddha,male,1
Anirudh,male,1
Anirudha,male,1
Aniruth,unknown
Anish,male,1
Anisha,female,1
Anita,female,1
Anitha,female,1
Anivesh,unknown
Anjali,female,1
Anjan,male,1
Anjani,male,0.65
Anju,female,0.92
Anjum,female,0.7
Ankan,male,0.67
Ankesh,male,1
Ankit,male,1
Ankita,female,1
ankita,female,1
Ankith,male,1
Ankitkmr,unknown
Ankitkumar,unknown
Ankun,unknown
Ankur,male,1
Ankush,male,1
Anmol,male,0.86
Ann,female,0.99
Anna,female,1
Annaliese,female,1
AnnaMarie,female,1
Anne,female,1
Annelle,female,1
Annie,female,1
Annoop,unknown
Annu,female,1
Anny,female,0.96
Anoop,male,1
ANQI,unknown
Ansh,male,1
Anshika,female,1
Anshu,female,0.88
Anshul,male,0.82
Anshum,unknown
Anshumali,unknown
Anshuman,male,1
Anshya,unknown
Anson,male,0.98
Anstonia,unknown
Antariksh,unknown
Anthony,male,1
Anton,male,1
Antonia,female,0.98
Antonina,female,0.91
Antonio,male,1
ANTONIO,male,1
Antony,male,1
AntonÃÂ­n,unknown
Anu,female,0.92
Anubhav,male,1
anubhuti,female,1
Anubhuti,female,1
Anudeep,male,1
Anudhriti,unknown
Anugrah,male,0.86
Anuj,male,1
Anuja,female,1
Anuli,female,1
Anundhara,unknown
Anup,male,0.99
Anupam,male,0.98
Anupama,female,1
Anupreet,female,1
Anuraag,male,1
Anuradha,female,0.91
Anurag,male,1
Anusha,female,1
Anushka,female,0.95
Anushree,female,1
Anusuya,female,1
Anvay,unknown
Anvesh,male,1
Anvita,female,1
Anwar,male,0.95
Anya,female,1
Anysse,unknown
Anyuan,unknown
Ao,female,0.75
Apaorn,unknown
Aparna,female,1
APARNA,female,1
Apollo,male,1
Apooruva,unknown
Apoorv,male,1
Apoorva,female,0.8
Appa,unknown
April,female,1
Apuroopa,unknown
Apurv,male,1
Apurva,female,0.62
Apurwa,unknown
Ara,female,0.88
Aracely,female,1
Arafath,male,1
Araib,unknown
ARANI,female,0.5
Arathy,female,1
Aravanji,unknown
Aravind,male,1
Aravinda,male,0.75
aravinda,male,0.75
Aravindan,male,1
Aravinder,unknown
Aravindh,male,1
Aravinthan,male,0.92
Archaka,unknown
Archana,female,0.99
archana,female,0.99
Archie,male,0.94
Archit,male,1
Arda,male,0.96
Ardalan,male,1
Arianto,unknown
Aric,male,0.94
Ariel,male,0.66
Ariela,female,1
Ariella,female,1
Arif,male,0.99
Ariful,male,1
Arih,unknown
Arihan,unknown
Arihant,male,1
Arijit,male,1
Arindam,male,1
Ariss,female,1
Arissa,female,1
Aristotle,male,1
Aritra,male,1
Arjay,male,1
Arjit,unknown
Arjun,male,1
Arka,male,1
Arkadiy,male,1
Armaan,male,1
Arman,male,1
Armen,male,0.96
